age,gender,bmi,children,region,expenses,smoker
19,female,27.9,0,southwest,16884.92,smoker
28,male,33.0,3,southeast,4449.46,non-smoker
33,male,22.7,0,northwest,21984.47,non-smoker
32,male,28.9,0,northwest,3866.86,non-smoker
31,female,25.7,0,southeast,3756.62,non-smoker
46,female,33.4,1,southeast,8240.59,non-smoker
37,female,30.4,3,northwest,7281.51,non-smoker
37,male,29.8,2,northeast,6406.41,non-smoker
60,female,25.8,0,northwest,28923.14,non-smoker
25,male,26.2,0,northeast,2721.32,non-smoker
62,female,26.3,0,southeast,27808.73,smoker
23,male,34.4,0,southwest,1826.84,non-smoker
56,female,39.8,0,southeast,11090.72,non-smoker
27,male,42.1,0,southeast,39611.76,smoker
19,male,24.6,1,southwest,1837.24,non-smoker
52,female,30.8,1,northeast,10797.34,non-smoker
23,male,23.8,0,northeast,2395.17,non-smoker
56,male,40.3,0,southwest,10602.39,non-smoker
30,male,35.3,0,southwest,36837.47,smoker
60,female,36.0,0,northeast,13228.85,non-smoker
30,female,32.4,1,southwest,4149.74,non-smoker
18,male,34.1,0,southeast,1137.01,non-smoker
34,female,31.9,1,northeast,37701.88,smoker
37,male,28.0,2,northwest,6203.9,non-smoker
59,female,27.7,3,southeast,14001.13,non-smoker
63,female,23.1,0,northeast,14451.84,non-smoker
55,female,32.8,2,northwest,12268.63,non-smoker
23,male,17.4,1,northwest,2775.19,non-smoker
31,male,36.3,2,southwest,38711.0,smoker
22,male,35.6,0,southwest,35585.58,smoker
18,female,26.3,0,northeast,2198.19,non-smoker
19,female,28.6,5,southwest,4687.8,non-smoker
63,male,28.3,0,northwest,13770.1,non-smoker
28,male,36.4,1,southwest,51194.56,smoker
19,male,20.4,0,northwest,1625.43,non-smoker
62,female,33.0,3,northwest,15612.19,non-smoker
26,male,20.8,0,southwest,2302.3,non-smoker
35,male,36.7,1,northeast,39774.28,smoker
60,male,39.9,0,southwest,48173.36,smoker
24,female,26.6,0,northeast,3046.06,non-smoker
31,female,36.6,2,southeast,4949.76,non-smoker
41,male,21.8,1,southeast,6272.48,non-smoker
37,female,30.8,2,southeast,6313.76,non-smoker
38,male,37.1,1,northeast,6079.67,non-smoker
55,male,37.3,0,southwest,20630.28,non-smoker
18,female,38.7,2,northeast,3393.36,non-smoker
28,female,34.8,0,northwest,3556.92,non-smoker
60,female,24.5,0,southeast,12629.9,non-smoker
36,male,35.2,1,southeast,38709.18,smoker
18,female,35.6,0,northeast,2211.13,non-smoker
21,female,33.6,2,northwest,3579.83,non-smoker
48,male,28.0,1,southwest,23568.27,smoker
36,male,34.4,0,southeast,37742.58,smoker
40,female,28.7,3,northwest,8059.68,non-smoker
58,male,37.0,2,northwest,47496.49,smoker
58,female,31.8,2,northeast,13607.37,non-smoker
18,male,31.7,2,southeast,34303.17,smoker
53,female,22.9,1,southeast,23244.79,smoker
34,female,37.3,2,northwest,5989.52,non-smoker
43,male,27.4,3,northeast,8606.22,non-smoker
25,male,33.7,4,southeast,4504.66,non-smoker
64,male,24.7,1,northwest,30166.62,non-smoker
28,female,25.9,1,northwest,4133.64,non-smoker
20,female,22.4,0,northwest,14711.74,smoker
19,female,28.9,0,southwest,1743.21,non-smoker
61,female,39.1,2,southwest,14235.07,non-smoker
40,male,26.3,1,northwest,6389.38,non-smoker
40,female,36.2,0,southeast,5920.1,non-smoker
28,male,24.0,3,southeast,17663.14,smoker
27,female,24.8,0,southeast,16577.78,smoker
31,male,28.5,5,northeast,6799.46,non-smoker
53,female,28.1,3,southwest,11741.73,non-smoker
58,male,32.0,1,southeast,11946.63,non-smoker
44,male,27.4,2,southwest,7726.85,non-smoker
57,male,34.0,0,northwest,11356.66,non-smoker
29,female,29.6,1,southeast,3947.41,non-smoker
21,male,35.5,0,southeast,1532.47,non-smoker
22,female,39.8,0,northeast,2755.02,non-smoker
41,female,33.0,0,northwest,6571.02,non-smoker
31,male,26.9,1,northeast,4441.21,non-smoker
45,female,38.3,0,northeast,7935.29,non-smoker
22,male,37.6,1,southeast,37165.16,smoker
48,female,41.2,4,northwest,11033.66,non-smoker
37,female,34.8,2,southwest,39836.52,smoker
45,male,22.9,2,northwest,21098.55,smoker
57,female,31.2,0,northwest,43578.94,smoker
56,female,27.2,0,southwest,11073.18,non-smoker
46,female,27.7,0,northwest,8026.67,non-smoker
55,female,27.0,0,northwest,11082.58,non-smoker
21,female,39.5,0,southeast,2026.97,non-smoker
53,female,24.8,1,northwest,10942.13,non-smoker
59,male,29.8,3,northeast,30184.94,smoker
35,male,34.8,2,northwest,5729.01,non-smoker
64,female,31.3,2,southwest,47291.06,smoker
28,female,37.6,1,southeast,3766.88,non-smoker
54,female,30.8,3,southwest,12105.32,non-smoker
55,male,38.3,0,southeast,10226.28,non-smoker
56,male,20.0,0,northeast,22412.65,smoker
38,male,19.3,0,southwest,15820.7,smoker
41,female,31.6,0,southwest,6186.13,non-smoker
30,male,25.5,0,northeast,3645.09,non-smoker
18,female,30.1,0,northeast,21344.85,non-smoker
61,female,29.9,3,southeast,30942.19,smoker
34,female,27.5,1,southwest,5003.85,non-smoker
20,male,28.0,1,northwest,17560.38,smoker
19,female,28.4,1,southwest,2331.52,non-smoker
26,male,30.9,2,northwest,3877.3,non-smoker
29,male,27.9,0,southeast,2867.12,non-smoker
63,male,35.1,0,southeast,47055.53,smoker
54,male,33.6,1,northeast,10825.25,non-smoker
55,female,29.7,2,southwest,11881.36,non-smoker
37,male,30.8,0,southwest,4646.76,non-smoker
21,male,35.7,0,northwest,2404.73,non-smoker
52,male,32.2,3,northeast,11488.32,non-smoker
60,male,28.6,0,northeast,30260.0,non-smoker
58,male,49.1,0,southeast,11381.33,non-smoker
29,female,27.9,1,southeast,19107.78,smoker
49,female,27.2,0,southeast,8601.33,non-smoker
37,female,23.4,2,northwest,6686.43,non-smoker
44,male,37.1,2,southwest,7740.34,non-smoker
18,male,23.8,0,northeast,1705.62,non-smoker
20,female,29.0,0,northwest,2257.48,non-smoker
44,male,31.4,1,northeast,39556.49,smoker
47,female,33.9,3,northwest,10115.01,non-smoker
26,female,28.8,0,northeast,3385.4,non-smoker
19,female,28.3,0,southwest,17081.08,smoker
52,female,37.4,0,southwest,9634.54,non-smoker
32,female,17.8,2,southeast,32734.19,smoker
38,male,34.7,2,southwest,6082.41,non-smoker
59,female,26.5,0,northeast,12815.44,non-smoker
61,female,22.0,0,northeast,13616.36,non-smoker
53,female,35.9,2,southwest,11163.57,non-smoker
19,male,25.6,0,northwest,1632.56,non-smoker
20,female,28.8,0,northeast,2457.21,non-smoker
22,female,28.1,0,southeast,2155.68,non-smoker
19,male,34.1,0,southwest,1261.44,non-smoker
22,male,25.2,0,northwest,2045.69,non-smoker
54,female,31.9,3,southeast,27322.73,non-smoker
22,female,36.0,0,southwest,2166.73,non-smoker
34,male,22.4,2,northeast,27375.9,non-smoker
26,male,32.5,1,northeast,3490.55,non-smoker
34,male,25.3,2,southeast,18972.5,smoker
29,male,29.7,2,northwest,18157.88,non-smoker
30,male,28.7,3,northwest,20745.99,smoker
29,female,38.8,3,southeast,5138.26,non-smoker
46,male,30.5,3,northwest,40720.55,smoker
51,female,37.7,1,southeast,9877.61,non-smoker
53,female,37.4,1,northwest,10959.69,non-smoker
19,male,28.4,1,southwest,1842.52,non-smoker
35,male,24.1,1,northwest,5125.22,non-smoker
32,female,37.1,3,northeast,6334.34,non-smoker
42,female,23.4,0,northeast,19964.75,smoker
40,female,25.5,1,northeast,7077.19,non-smoker
44,male,39.5,0,northwest,6948.7,non-smoker
48,male,24.4,0,southeast,21223.68,smoker
18,male,25.2,0,northeast,15518.18,smoker
30,male,35.5,0,southeast,36950.26,smoker
50,female,27.8,3,southeast,19749.38,non-smoker
42,female,26.6,0,northwest,21348.71,smoker
18,female,36.9,0,southeast,36149.48,smoker
54,male,39.6,1,southwest,10450.55,non-smoker
32,female,29.8,2,southwest,5152.13,non-smoker
37,male,29.6,0,northwest,5028.15,non-smoker
47,male,28.2,4,northeast,10407.09,non-smoker
20,female,37.0,5,southwest,4830.63,non-smoker
32,female,33.2,3,northwest,6128.8,non-smoker
19,female,31.8,1,northwest,2719.28,non-smoker
27,male,18.9,3,northeast,4827.9,non-smoker
63,male,41.5,0,southeast,13405.39,non-smoker
49,male,30.3,0,southwest,8116.68,non-smoker
18,male,16.0,0,northeast,1694.8,non-smoker
35,female,34.8,1,southwest,5246.05,non-smoker
24,female,33.3,0,northwest,2855.44,non-smoker
63,female,37.7,0,southwest,48824.45,smoker
38,male,27.8,2,northwest,6455.86,non-smoker
54,male,29.2,1,southwest,10436.1,non-smoker
46,female,28.9,2,southwest,8823.28,non-smoker
41,female,33.2,3,northeast,8538.29,non-smoker
58,male,28.6,0,northwest,11735.88,non-smoker
18,female,38.3,0,southeast,1631.82,non-smoker
22,male,20.0,3,northeast,4005.42,non-smoker
44,female,26.4,0,northwest,7419.48,non-smoker
44,male,30.7,2,southeast,7731.43,non-smoker
36,male,41.9,3,northeast,43753.34,smoker
26,female,29.9,2,southeast,3981.98,non-smoker
30,female,30.9,3,southwest,5325.65,non-smoker
41,female,32.2,1,southwest,6775.96,non-smoker
29,female,32.1,2,northwest,4922.92,non-smoker
61,male,31.6,0,northeast,12557.61,non-smoker
36,female,26.2,0,southwest,4883.87,non-smoker
25,male,25.7,0,southeast,2137.65,non-smoker
56,female,26.6,1,northwest,12044.34,non-smoker
18,male,34.4,0,southeast,1137.47,non-smoker
19,male,30.6,0,northwest,1639.56,non-smoker
39,female,32.8,0,southwest,5649.72,non-smoker
45,female,28.6,2,southeast,8516.83,non-smoker
51,female,18.1,0,northwest,9644.25,non-smoker
64,female,39.3,0,northeast,14901.52,non-smoker
19,female,32.1,0,northwest,2130.68,non-smoker
48,female,32.2,1,southeast,8871.15,non-smoker
60,female,24.0,0,northwest,13012.21,non-smoker
27,female,36.1,0,southeast,37133.9,smoker
46,male,22.3,0,southwest,7147.11,non-smoker
28,female,28.9,1,northeast,4337.74,non-smoker
59,male,26.4,0,southeast,11743.3,non-smoker
35,male,27.7,2,northeast,20984.09,smoker
63,female,31.8,0,southwest,13880.95,non-smoker
40,male,41.2,1,northeast,6610.11,non-smoker
20,male,33.0,1,southwest,1980.07,non-smoker
40,male,30.9,4,northwest,8162.72,non-smoker
24,male,28.5,2,northwest,3537.7,non-smoker
34,female,26.7,1,southeast,5002.78,non-smoker
45,female,30.9,2,southwest,8520.03,non-smoker
41,female,37.1,2,southwest,7371.77,non-smoker
53,female,26.6,0,northwest,10355.64,non-smoker
27,male,23.1,0,southeast,2483.74,non-smoker
26,female,29.9,1,southeast,3392.98,non-smoker
24,female,23.2,0,southeast,25081.77,non-smoker
34,female,33.7,1,southwest,5012.47,non-smoker
53,female,33.3,0,northeast,10564.88,non-smoker
32,male,30.8,3,southwest,5253.52,non-smoker
19,male,34.8,0,southwest,34779.62,smoker
42,male,24.6,0,southeast,19515.54,smoker
55,male,33.9,3,southeast,11987.17,non-smoker
28,male,38.1,0,southeast,2689.5,non-smoker
58,female,41.9,0,southeast,24227.34,non-smoker
41,female,30.4,1,northeast,7358.18,non-smoker
47,male,25.5,2,northeast,9225.26,non-smoker
42,female,36.2,1,northwest,7443.64,non-smoker
59,female,27.8,3,southeast,14001.29,non-smoker
19,female,17.8,0,southwest,1727.79,non-smoker
59,male,27.5,1,southwest,12333.83,non-smoker
39,male,24.5,2,northwest,6710.19,non-smoker
40,female,22.2,2,southeast,19444.27,smoker
18,female,26.7,0,southeast,1615.77,non-smoker
31,male,38.4,2,southeast,4463.21,non-smoker
19,male,29.1,0,northwest,17352.68,smoker
44,male,38.1,1,southeast,7152.67,non-smoker
23,female,36.7,2,northeast,38511.63,smoker
33,female,22.1,1,northeast,5354.07,non-smoker
55,female,26.8,1,southwest,35160.13,non-smoker
40,male,35.3,3,southwest,7196.87,non-smoker
63,female,27.7,0,northeast,29523.17,smoker
54,male,30.0,0,northwest,24476.48,non-smoker
60,female,38.1,0,southeast,12648.7,non-smoker
24,male,35.9,0,southeast,1986.93,non-smoker
19,male,20.9,1,southwest,1832.09,non-smoker
29,male,29.0,1,northeast,4040.56,non-smoker
18,male,17.3,2,northeast,12829.46,smoker
63,female,32.2,2,southwest,47305.31,smoker
54,male,34.2,2,southeast,44260.75,smoker
27,male,30.3,3,southwest,4260.74,non-smoker
50,male,31.8,0,northeast,41097.16,smoker
55,female,25.4,3,northeast,13047.33,non-smoker
56,male,33.6,0,northwest,43921.18,smoker
38,female,40.2,0,southeast,5400.98,non-smoker
51,male,24.4,4,northwest,11520.1,non-smoker
19,male,31.9,0,northwest,33750.29,smoker
58,female,25.2,0,southwest,11837.16,non-smoker
20,female,30.4,1,southeast,17085.27,smoker
52,male,24.3,3,northeast,24869.84,smoker
19,male,37.0,0,northwest,36219.41,smoker
53,female,38.1,3,southeast,20463.0,non-smoker
46,male,42.4,3,southeast,46151.12,smoker
40,male,19.8,1,southeast,17179.52,smoker
59,female,32.4,3,northeast,14590.63,non-smoker
45,male,30.2,1,southwest,7441.05,non-smoker
49,male,25.8,1,northeast,9282.48,non-smoker
18,male,29.4,1,southeast,1719.44,non-smoker
50,male,34.2,2,southwest,42856.84,smoker
41,male,37.1,2,northwest,7265.7,non-smoker
50,male,27.5,1,northeast,9617.66,non-smoker
25,male,27.6,0,northwest,2523.17,non-smoker
47,female,26.6,2,northeast,9715.84,non-smoker
19,male,20.6,2,northwest,2803.7,non-smoker
22,female,24.3,0,southwest,2150.47,non-smoker
59,male,31.8,2,southeast,12928.79,non-smoker
51,female,21.6,1,southeast,9855.13,non-smoker
40,female,28.1,1,northeast,22331.57,smoker
54,male,40.6,3,northeast,48549.18,smoker
30,male,27.6,1,northeast,4237.13,non-smoker
55,female,32.4,1,northeast,11879.1,non-smoker
46,male,26.6,1,southeast,7742.11,non-smoker
46,female,48.1,2,northeast,9432.93,non-smoker
63,female,26.2,0,northwest,14256.19,non-smoker
59,female,36.8,1,northeast,47896.79,smoker
52,male,26.4,3,southeast,25992.82,non-smoker
28,female,33.4,0,southwest,3172.02,non-smoker
29,male,29.6,1,northeast,20277.81,non-smoker
25,male,45.5,2,southeast,42112.24,smoker
22,female,28.8,0,southeast,2156.75,non-smoker
25,male,26.8,3,southwest,3906.13,non-smoker
18,male,23.0,0,northeast,1704.57,non-smoker
19,male,27.7,0,southwest,16297.85,smoker
47,male,25.4,1,southeast,21978.68,smoker
48,female,28.9,1,northwest,9249.5,non-smoker
36,male,27.6,3,northeast,6746.74,non-smoker
53,female,22.6,3,northeast,24873.38,smoker
56,female,37.5,2,southeast,12265.51,non-smoker
28,female,33.0,2,southeast,4349.46,non-smoker
57,female,38.0,2,southwest,12646.21,non-smoker
29,male,33.3,2,northwest,19442.35,non-smoker
28,female,27.5,2,southwest,20177.67,non-smoker
30,female,33.3,1,southeast,4151.03,non-smoker
58,male,34.9,0,northeast,11944.59,non-smoker
41,female,33.1,2,northwest,7749.16,non-smoker
50,male,26.6,0,southwest,8444.47,non-smoker
19,female,24.7,0,southwest,1737.38,non-smoker
43,male,36.0,3,southeast,42124.52,smoker
49,male,35.9,0,southeast,8124.41,non-smoker
27,female,31.4,0,southwest,34838.87,smoker
52,male,33.3,0,northeast,9722.77,non-smoker
50,male,32.2,0,northwest,8835.26,non-smoker
54,male,32.8,0,northeast,10435.07,non-smoker
44,female,27.6,0,northwest,7421.19,non-smoker
32,male,37.3,1,northeast,4667.61,non-smoker
34,male,25.3,1,northwest,4894.75,non-smoker
26,female,29.6,4,northeast,24671.66,non-smoker
34,male,30.8,0,southwest,35491.64,smoker
57,male,40.9,0,northeast,11566.3,non-smoker
29,male,27.2,0,southwest,2866.09,non-smoker
40,male,34.1,1,northeast,6600.21,non-smoker
27,female,23.2,1,southeast,3561.89,non-smoker
45,male,36.5,2,northwest,42760.5,smoker
64,female,33.8,1,southwest,47928.03,smoker
52,male,36.7,0,southeast,9144.57,non-smoker
61,female,36.4,1,northeast,48517.56,smoker
52,male,27.4,0,northwest,24393.62,smoker
61,female,31.2,0,northwest,13429.04,non-smoker
56,female,28.8,0,northeast,11658.38,non-smoker
43,female,35.7,2,northeast,19144.58,non-smoker
64,male,34.5,0,southwest,13822.8,non-smoker
60,male,25.7,0,southeast,12142.58,non-smoker
62,male,27.6,1,northwest,13937.67,non-smoker
50,male,32.3,1,southeast,41919.1,smoker
46,female,27.7,1,southeast,8232.64,non-smoker
24,female,27.6,0,southwest,18955.22,non-smoker
62,male,30.0,0,northwest,13352.1,non-smoker
60,female,27.6,0,northeast,13217.09,non-smoker
63,male,36.8,0,northeast,13981.85,non-smoker
49,female,41.5,4,southeast,10977.21,non-smoker
34,female,29.3,3,southeast,6184.3,non-smoker
33,male,35.8,2,southeast,4890.0,non-smoker
46,male,33.3,1,northeast,8334.46,non-smoker
36,female,29.9,1,southeast,5478.04,non-smoker
19,male,27.8,0,northwest,1635.73,non-smoker
57,female,23.2,0,northwest,11830.61,non-smoker
50,female,25.6,0,southwest,8932.08,non-smoker
30,female,27.7,0,southwest,3554.2,non-smoker
33,male,35.2,0,northeast,12404.88,non-smoker
18,female,38.3,0,southeast,14133.04,non-smoker
46,male,27.6,0,southwest,24603.05,non-smoker
46,male,43.9,3,southeast,8944.12,non-smoker
47,male,29.8,3,northwest,9620.33,non-smoker
23,male,41.9,0,southeast,1837.28,non-smoker
18,female,20.8,0,southeast,1607.51,non-smoker
48,female,32.3,2,northeast,10043.25,non-smoker
35,male,30.5,1,southwest,4751.07,non-smoker
19,female,21.7,0,southwest,13844.51,smoker
21,female,26.4,1,southwest,2597.78,non-smoker
21,female,21.9,2,southeast,3180.51,non-smoker
49,female,30.8,1,northeast,9778.35,non-smoker
56,female,32.3,3,northeast,13430.27,non-smoker
42,female,25.0,2,northwest,8017.06,non-smoker
44,male,32.0,2,northwest,8116.27,non-smoker
18,male,30.4,3,northeast,3481.87,non-smoker
61,female,21.1,0,northwest,13415.04,non-smoker
57,female,22.2,0,northeast,12029.29,non-smoker
42,female,33.2,1,northeast,7639.42,non-smoker
26,male,32.9,2,southwest,36085.22,smoker
20,male,33.3,0,southeast,1391.53,non-smoker
23,female,28.3,0,northwest,18033.97,smoker
39,female,24.9,3,northeast,21659.93,smoker
24,male,40.2,0,southeast,38126.25,smoker
64,female,30.1,3,northwest,16455.71,non-smoker
62,male,31.5,1,southeast,27000.98,non-smoker
27,female,18.0,2,northeast,15006.58,smoker
55,male,30.7,0,northeast,42303.69,smoker
55,male,33.0,0,southeast,20781.49,non-smoker
44,male,22.1,2,northeast,8302.54,non-smoker
19,male,34.4,0,southwest,1261.86,non-smoker
58,female,39.1,0,southeast,11856.41,non-smoker
50,male,25.4,2,northwest,30284.64,non-smoker
26,female,22.6,0,northwest,3176.82,non-smoker
24,female,30.2,3,northwest,4618.08,non-smoker
48,male,35.6,4,northeast,10736.87,non-smoker
19,female,37.4,0,northwest,2138.07,non-smoker
48,male,31.4,1,northeast,8964.06,non-smoker
49,male,31.4,1,northeast,9290.14,non-smoker
46,female,32.3,2,northeast,9411.01,non-smoker
46,male,19.9,0,northwest,7526.71,non-smoker
43,female,34.4,3,southwest,8522.0,non-smoker
21,male,31.0,0,southeast,16586.5,non-smoker
64,male,25.6,2,southwest,14988.43,non-smoker
18,female,38.2,0,southeast,1631.67,non-smoker
51,female,20.6,0,southwest,9264.8,non-smoker
47,male,47.5,1,southeast,8083.92,non-smoker
64,female,33.0,0,northwest,14692.67,non-smoker
49,male,32.3,3,northwest,10269.46,non-smoker
31,male,20.4,0,southwest,3260.2,non-smoker
52,female,38.4,2,northeast,11396.9,non-smoker
33,female,24.3,0,southeast,4185.1,non-smoker
47,female,23.6,1,southwest,8539.67,non-smoker
38,male,21.1,3,southeast,6652.53,non-smoker
32,male,30.0,1,southeast,4074.45,non-smoker
19,male,17.5,0,northwest,1621.34,non-smoker
44,female,20.2,1,northeast,19594.81,smoker
26,female,17.2,2,northeast,14455.64,smoker
25,male,23.9,5,southwest,5080.1,non-smoker
19,female,35.2,0,northwest,2134.9,non-smoker
43,female,35.6,1,southeast,7345.73,non-smoker
52,male,34.1,0,southeast,9140.95,non-smoker
36,female,22.6,2,southwest,18608.26,smoker
64,male,39.2,1,southeast,14418.28,non-smoker
63,female,27.0,0,northwest,28950.47,smoker
64,male,33.9,0,southeast,46889.26,smoker
61,male,35.9,0,southeast,46599.11,smoker
40,male,32.8,1,northeast,39125.33,smoker
25,male,30.6,0,northeast,2727.4,non-smoker
48,male,30.2,2,southwest,8968.33,non-smoker
45,male,30.4,5,southeast,9788.87,non-smoker
38,female,27.3,1,northeast,6555.07,non-smoker
18,female,29.2,0,northeast,7323.73,non-smoker
21,female,16.8,1,northeast,3167.46,non-smoker
27,female,30.4,3,northwest,18804.75,non-smoker
19,male,33.1,0,southwest,23082.96,non-smoker
29,female,20.2,2,northwest,4906.41,non-smoker
42,male,26.9,0,southwest,5969.72,non-smoker
60,female,30.5,0,southwest,12638.2,non-smoker
31,male,28.6,1,northwest,4243.59,non-smoker
60,male,33.1,3,southeast,13919.82,non-smoker
22,male,31.7,0,northeast,2254.8,non-smoker
35,male,28.9,3,southwest,5926.85,non-smoker
52,female,46.8,5,southeast,12592.53,non-smoker
26,male,29.5,0,northeast,2897.32,non-smoker
31,female,32.7,1,northwest,4738.27,non-smoker
33,female,33.5,0,southwest,37079.37,smoker
18,male,43.0,0,southeast,1149.4,non-smoker
59,female,36.5,1,southeast,28287.9,non-smoker
56,male,26.7,1,northwest,26109.33,smoker
45,female,33.1,0,southwest,7345.08,non-smoker
60,male,29.6,0,northeast,12731.0,non-smoker
56,female,25.7,0,northwest,11454.02,non-smoker
40,female,29.6,0,southwest,5910.94,non-smoker
35,male,38.6,1,southwest,4762.33,non-smoker
39,male,29.6,4,southwest,7512.27,non-smoker
30,male,24.1,1,northwest,4032.24,non-smoker
24,male,23.4,0,southwest,1969.61,non-smoker
20,male,29.7,0,northwest,1769.53,non-smoker
32,male,46.5,2,southeast,4686.39,non-smoker
59,male,37.4,0,southwest,21797.0,non-smoker
55,female,30.1,2,southeast,11881.97,non-smoker
57,female,30.5,0,northwest,11840.78,non-smoker
56,male,39.6,0,southwest,10601.41,non-smoker
40,female,33.0,3,southeast,7682.67,non-smoker
49,female,36.6,3,southeast,10381.48,non-smoker
62,female,38.1,2,northeast,15230.32,non-smoker
56,male,25.9,0,northeast,11165.42,non-smoker
19,male,25.2,0,northwest,1632.04,non-smoker
30,female,28.4,1,southeast,19521.97,smoker
60,female,28.7,1,southwest,13224.69,non-smoker
56,female,33.8,2,northwest,12643.38,non-smoker
28,female,24.3,1,northeast,23288.93,non-smoker
18,female,24.1,1,southeast,2201.1,non-smoker
27,male,32.7,0,southeast,2497.04,non-smoker
18,female,30.1,0,northeast,2203.47,non-smoker
19,female,29.8,0,southwest,1744.47,non-smoker
47,female,33.3,0,northeast,20878.78,non-smoker
54,male,25.1,3,southwest,25382.3,smoker
61,male,28.3,1,northwest,28868.66,smoker
24,male,28.5,0,northeast,35147.53,smoker
25,male,35.6,0,northwest,2534.39,non-smoker
21,male,36.9,0,southeast,1534.3,non-smoker
23,male,32.6,0,southeast,1824.29,non-smoker
63,male,41.3,3,northwest,15555.19,non-smoker
49,male,37.5,2,southeast,9304.7,non-smoker
18,female,31.4,0,southeast,1622.19,non-smoker
51,female,39.5,1,southwest,9880.07,non-smoker
48,male,34.3,3,southwest,9563.03,non-smoker
31,female,31.1,0,northeast,4347.02,non-smoker
54,female,21.5,3,northwest,12475.35,non-smoker
19,male,28.7,0,southwest,1253.94,non-smoker
44,female,38.1,0,southeast,48885.14,smoker
53,male,31.2,1,northwest,10461.98,non-smoker
19,female,32.9,0,southwest,1748.77,non-smoker
61,female,30.4,0,southeast,24513.09,non-smoker
18,female,25.1,0,northeast,2196.47,non-smoker
61,male,43.4,0,southwest,12574.05,non-smoker
21,male,25.7,4,southwest,17942.11,smoker
20,male,27.9,0,northeast,1967.02,non-smoker
31,female,23.6,2,southwest,4931.65,non-smoker
45,male,28.7,2,southwest,8027.97,non-smoker
44,female,24.0,2,southeast,8211.1,non-smoker
62,female,39.2,0,southwest,13470.86,non-smoker
29,male,34.4,0,southwest,36197.7,smoker
43,male,26.0,0,northeast,6837.37,non-smoker
51,male,23.2,1,southeast,22218.11,smoker
19,male,30.3,0,southeast,32548.34,smoker
38,female,28.9,1,southeast,5974.38,non-smoker
37,male,30.9,3,northwest,6796.86,non-smoker
22,male,31.4,1,northwest,2643.27,non-smoker
21,male,23.8,2,northwest,3077.1,non-smoker
24,female,25.3,0,northeast,3044.21,non-smoker
57,female,28.7,0,southwest,11455.28,non-smoker
56,male,32.1,1,northeast,11763.0,non-smoker
27,male,33.7,0,southeast,2498.41,non-smoker
51,male,22.4,0,northeast,9361.33,non-smoker
19,male,30.4,0,southwest,1256.3,non-smoker
39,male,28.3,1,southwest,21082.16,smoker
58,male,35.7,0,southwest,11362.76,non-smoker
20,male,35.3,1,southeast,27724.29,non-smoker
45,male,30.5,2,northwest,8413.46,non-smoker
35,female,31.0,1,southwest,5240.77,non-smoker
31,male,30.9,0,northeast,3857.76,non-smoker
50,male,27.4,0,northeast,25656.58,non-smoker
32,female,44.2,0,southeast,3994.18,non-smoker
51,female,33.9,0,northeast,9866.3,non-smoker
38,female,37.7,0,southeast,5397.62,non-smoker
42,male,26.1,1,southeast,38245.59,smoker
18,female,33.9,0,southeast,11482.63,non-smoker
19,female,30.6,2,northwest,24059.68,non-smoker
51,female,25.8,1,southwest,9861.03,non-smoker
46,male,39.4,1,northeast,8342.91,non-smoker
18,male,25.5,0,northeast,1708.0,non-smoker
57,male,42.1,1,southeast,48675.52,smoker
62,female,31.7,0,northeast,14043.48,non-smoker
59,male,29.7,2,southeast,12925.89,non-smoker
37,male,36.2,0,southeast,19214.71,non-smoker
38,male,28.0,1,northeast,6067.13,non-smoker
33,female,38.9,3,southwest,5972.38,non-smoker
46,female,28.1,1,southeast,8233.1,non-smoker
53,male,31.4,0,southeast,27346.04,non-smoker
34,female,38.0,3,southwest,6196.45,non-smoker
20,female,31.8,2,southeast,3056.39,non-smoker
63,female,36.3,0,southeast,13887.2,non-smoker
54,female,47.4,0,southeast,63770.43,smoker
54,male,30.2,0,northwest,10231.5,non-smoker
49,male,25.8,2,northwest,23807.24,smoker
28,male,35.4,0,northeast,3268.85,non-smoker
54,female,46.7,2,southwest,11538.42,non-smoker
25,female,28.6,0,northeast,3213.62,non-smoker
43,female,46.2,0,southeast,45863.21,smoker
63,male,30.8,0,southwest,13390.56,non-smoker
32,female,28.9,0,southeast,3972.92,non-smoker
62,male,21.4,0,southwest,12957.12,non-smoker
52,female,31.7,2,northwest,11187.66,non-smoker
25,female,41.3,0,northeast,17878.9,non-smoker
28,male,23.8,2,southwest,3847.67,non-smoker
46,male,33.4,1,northeast,8334.59,non-smoker
34,male,34.2,0,southeast,3935.18,non-smoker
35,female,34.1,3,northwest,39983.43,smoker
19,male,35.5,0,northwest,1646.43,non-smoker
46,female,20.0,2,northwest,9193.84,non-smoker
54,female,32.7,0,northeast,10923.93,non-smoker
27,male,30.5,0,southwest,2494.02,non-smoker
50,male,44.8,1,southeast,9058.73,non-smoker
18,female,32.1,2,southeast,2801.26,non-smoker
19,female,30.5,0,northwest,2128.43,non-smoker
38,female,40.6,1,northwest,6373.56,non-smoker
41,male,30.6,2,northwest,7256.72,non-smoker
49,female,31.9,5,southwest,11552.9,non-smoker
48,male,40.6,2,northwest,45702.02,smoker
31,female,29.1,0,southwest,3761.29,non-smoker
18,female,37.3,1,southeast,2219.45,non-smoker
30,female,43.1,2,southeast,4753.64,non-smoker
62,female,36.9,1,northeast,31620.0,non-smoker
57,female,34.3,2,northeast,13224.06,non-smoker
58,female,27.2,0,northwest,12222.9,non-smoker
22,male,26.8,0,southeast,1665.0,non-smoker
31,female,38.1,1,northeast,58571.07,smoker
52,male,30.2,1,southwest,9724.53,non-smoker
25,female,23.5,0,northeast,3206.49,non-smoker
59,male,25.5,1,northeast,12913.99,non-smoker
39,male,45.4,2,southeast,6356.27,non-smoker
32,female,23.7,1,southeast,17626.24,non-smoker
19,male,20.7,0,southwest,1242.82,non-smoker
33,female,28.3,1,southeast,4779.6,non-smoker
21,male,20.2,3,northeast,3861.21,non-smoker
34,female,30.2,1,northwest,43943.88,smoker
61,female,35.9,0,northeast,13635.64,non-smoker
58,female,29.0,0,southwest,11842.44,non-smoker
47,male,19.6,1,northwest,8428.07,non-smoker
20,male,31.1,2,southeast,2566.47,non-smoker
21,female,21.9,1,northeast,15359.1,smoker
41,male,40.3,0,southeast,5709.16,non-smoker
46,female,33.7,1,northeast,8823.99,non-smoker
42,female,29.5,2,southeast,7640.31,non-smoker
34,female,33.3,1,northeast,5594.85,non-smoker
43,male,32.6,2,southwest,7441.5,non-smoker
52,female,37.5,2,northwest,33471.97,non-smoker
18,female,39.2,0,southeast,1633.04,non-smoker
51,male,31.6,0,northwest,9174.14,non-smoker
56,female,25.3,0,southwest,11070.54,non-smoker
64,female,39.1,3,southeast,16085.13,non-smoker
19,female,28.3,0,northwest,17468.98,smoker
51,female,34.1,0,southeast,9283.56,non-smoker
27,female,25.2,0,northeast,3558.62,non-smoker
59,female,23.7,0,northwest,25678.78,smoker
28,male,27.0,2,northeast,4435.09,non-smoker
30,male,37.8,2,southwest,39241.44,smoker
47,female,29.4,1,southeast,8547.69,non-smoker
38,female,34.8,2,southwest,6571.54,non-smoker
18,female,33.2,0,northeast,2207.7,non-smoker
34,female,19.0,3,northeast,6753.04,non-smoker
20,female,33.0,0,southeast,1880.07,non-smoker
47,female,36.6,1,southeast,42969.85,smoker
56,female,28.6,0,northeast,11658.12,non-smoker
49,male,25.6,2,southwest,23306.55,smoker
19,female,33.1,0,southeast,34439.86,smoker
55,female,37.1,0,southwest,10713.64,non-smoker
30,male,31.4,1,southeast,3659.35,non-smoker
37,male,34.1,4,southwest,40182.25,smoker
49,female,21.3,1,southwest,9182.17,non-smoker
18,male,33.5,0,northeast,34617.84,smoker
59,male,28.8,0,northwest,12129.61,non-smoker
29,female,30.4,0,northwest,3736.46,non-smoker
36,male,28.9,3,northeast,6748.59,non-smoker
33,male,42.5,1,southeast,11326.71,non-smoker
58,male,38.0,0,southwest,11365.95,non-smoker
44,female,39.0,0,northwest,42983.46,smoker
53,male,36.1,1,southwest,10085.85,non-smoker
24,male,29.3,0,southwest,1977.82,non-smoker
29,female,35.5,0,southeast,3366.67,non-smoker
40,male,22.7,2,northeast,7173.36,non-smoker
51,male,39.7,1,southwest,9391.35,non-smoker
64,male,38.2,0,northeast,14410.93,non-smoker
19,female,24.5,1,northwest,2709.11,non-smoker
35,female,38.1,2,northeast,24915.05,non-smoker
39,male,26.4,0,northeast,20149.32,smoker
56,male,33.7,4,southeast,12949.16,non-smoker
33,male,42.4,5,southwest,6666.24,non-smoker
42,male,28.3,3,northwest,32787.46,smoker
61,male,33.9,0,northeast,13143.86,non-smoker
23,female,35.0,3,northwest,4466.62,non-smoker
43,male,35.3,2,southeast,18806.15,non-smoker
48,male,30.8,3,northeast,10141.14,non-smoker
39,male,26.2,1,northwest,6123.57,non-smoker
40,female,23.4,3,northeast,8252.28,non-smoker
18,male,28.5,0,northeast,1712.23,non-smoker
58,female,33.0,0,northeast,12430.95,non-smoker
49,female,42.7,2,southeast,9800.89,non-smoker
53,female,39.6,1,southeast,10579.71,non-smoker
48,female,31.1,0,southeast,8280.62,non-smoker
45,female,36.3,2,southeast,8527.53,non-smoker
59,female,35.2,0,southeast,12244.53,non-smoker
52,female,25.3,2,southeast,24667.42,smoker
26,female,42.4,1,southwest,3410.32,non-smoker
27,male,33.2,2,northwest,4058.71,non-smoker
48,female,35.9,1,northeast,26392.26,non-smoker
57,female,28.8,4,northeast,14394.4,non-smoker
37,male,46.5,3,southeast,6435.62,non-smoker
57,female,24.0,1,southeast,22192.44,non-smoker
32,female,31.5,1,northeast,5148.55,non-smoker
18,male,33.7,0,southeast,1136.4,non-smoker
64,female,23.0,0,southeast,27037.91,smoker
43,male,38.1,2,southeast,42560.43,smoker
49,male,28.7,1,southwest,8703.46,non-smoker
40,female,32.8,2,northwest,40003.33,smoker
62,male,32.0,0,northeast,45710.21,smoker
40,female,29.8,1,southeast,6500.24,non-smoker
30,male,31.6,3,southeast,4837.58,non-smoker
29,female,31.2,0,northeast,3943.6,non-smoker
36,male,29.7,0,southeast,4399.73,non-smoker
41,female,31.0,0,southeast,6185.32,non-smoker
44,female,43.9,2,southeast,46200.99,smoker
45,male,21.4,0,northwest,7222.79,non-smoker
55,female,40.8,3,southeast,12485.8,non-smoker
60,male,31.4,3,northwest,46130.53,smoker
56,male,36.1,3,southwest,12363.55,non-smoker
49,female,23.2,2,northwest,10156.78,non-smoker
21,female,17.4,1,southwest,2585.27,non-smoker
19,male,20.3,0,southwest,1242.26,non-smoker
39,male,35.3,2,southwest,40103.89,smoker
53,male,24.3,0,northwest,9863.47,non-smoker
33,female,18.5,1,southwest,4766.02,non-smoker
53,male,26.4,2,northeast,11244.38,non-smoker
42,male,26.1,2,northeast,7729.65,non-smoker
40,male,41.7,0,northwest,5438.75,non-smoker
47,female,24.1,1,southwest,26236.58,non-smoker
27,male,31.1,1,southeast,34806.47,smoker
21,female,27.4,0,northeast,2104.11,non-smoker
47,male,36.2,1,southwest,8068.19,non-smoker
20,male,32.4,1,northwest,2362.23,non-smoker
24,male,23.7,0,northwest,2352.97,non-smoker
27,female,34.8,1,southwest,3578.0,non-smoker
26,female,40.2,0,northwest,3201.25,non-smoker
53,female,32.3,2,northeast,29186.48,non-smoker
41,male,35.8,1,southeast,40273.65,smoker
56,male,33.7,0,northwest,10976.25,non-smoker
23,female,39.3,2,southeast,3500.61,non-smoker
21,female,34.9,0,southeast,2020.55,non-smoker
50,female,44.7,0,northeast,9541.7,non-smoker
53,male,41.5,0,southeast,9504.31,non-smoker
34,female,26.4,1,northwest,5385.34,non-smoker
47,female,29.5,1,northwest,8930.93,non-smoker
33,female,32.9,2,southwest,5375.04,non-smoker
51,female,38.1,0,southeast,44400.41,smoker
49,male,28.7,3,northwest,10264.44,non-smoker
31,female,30.5,3,northwest,6113.23,non-smoker
36,female,27.7,0,northeast,5469.01,non-smoker
18,male,35.2,1,southeast,1727.54,non-smoker
50,female,23.5,2,southeast,10107.22,non-smoker
43,female,30.7,2,northwest,8310.84,non-smoker
20,male,40.5,0,northeast,1984.45,non-smoker
24,female,22.6,0,southwest,2457.5,non-smoker
60,male,28.9,0,southwest,12146.97,non-smoker
49,female,22.6,1,northwest,9566.99,non-smoker
60,male,24.3,1,northwest,13112.6,non-smoker
51,female,36.7,2,northwest,10848.13,non-smoker
58,female,33.4,0,northwest,12231.61,non-smoker
51,female,40.7,0,northeast,9875.68,non-smoker
53,male,36.6,3,southwest,11264.54,non-smoker
62,male,37.4,0,southwest,12979.36,non-smoker
19,male,35.4,0,southwest,1263.25,non-smoker
50,female,27.1,1,northeast,10106.13,non-smoker
30,female,39.1,3,southeast,40932.43,smoker
41,male,28.4,1,northwest,6664.69,non-smoker
29,female,21.8,1,northeast,16657.72,smoker
18,female,40.3,0,northeast,2217.6,non-smoker
41,female,36.1,1,southeast,6781.35,non-smoker
35,male,24.4,3,southeast,19362.0,smoker
53,male,21.4,1,southwest,10065.41,non-smoker
24,female,30.1,3,southwest,4234.93,non-smoker
48,female,27.3,1,northeast,9447.25,non-smoker
59,female,32.1,3,southwest,14007.22,non-smoker
49,female,34.8,1,northwest,9583.89,non-smoker
37,female,38.4,0,southeast,40419.02,smoker
26,male,23.7,2,southwest,3484.33,non-smoker
23,male,31.7,3,northeast,36189.1,smoker
29,male,35.5,2,southwest,44585.46,smoker
45,male,24.0,2,northeast,8604.48,non-smoker
27,male,29.2,0,southeast,18246.5,smoker
53,male,34.1,0,northeast,43254.42,smoker
31,female,26.6,0,southeast,3757.84,non-smoker
50,male,26.4,0,northwest,8827.21,non-smoker
50,female,30.1,1,northwest,9910.36,non-smoker
34,male,27.0,2,southwest,11737.85,non-smoker
19,male,21.8,0,northwest,1627.28,non-smoker
47,female,36.0,1,southwest,8556.91,non-smoker
28,male,30.9,0,northwest,3062.51,non-smoker
37,female,26.4,0,southeast,19539.24,smoker
21,male,29.0,0,northwest,1906.36,non-smoker
64,male,37.9,0,northwest,14210.54,non-smoker
58,female,22.8,0,southeast,11833.78,non-smoker
24,male,33.6,4,northeast,17128.43,non-smoker
31,male,27.6,2,northeast,5031.27,non-smoker
39,female,22.8,3,northeast,7985.82,non-smoker
47,female,27.8,0,southeast,23065.42,smoker
30,male,37.4,3,northeast,5428.73,non-smoker
18,male,38.2,0,southeast,36307.8,non-smoker
22,female,34.6,2,northeast,3925.76,non-smoker
23,male,35.2,1,southwest,2416.96,non-smoker
33,male,27.1,1,southwest,19040.88,smoker
27,male,26.0,0,northeast,3070.81,non-smoker
45,female,25.2,2,northeast,9095.07,non-smoker
57,female,31.8,0,northwest,11842.62,non-smoker
47,male,32.3,1,southwest,8062.76,non-smoker
42,female,29.0,1,southwest,7050.64,non-smoker
64,female,39.7,0,southwest,14319.03,non-smoker
38,female,19.5,2,northwest,6933.24,non-smoker
61,male,36.1,3,southwest,27941.29,non-smoker
53,female,26.7,2,southwest,11150.78,non-smoker
44,female,36.5,0,northeast,12797.21,non-smoker
19,female,28.9,0,northwest,17748.51,smoker
41,male,34.2,2,northwest,7261.74,non-smoker
51,male,33.3,3,southeast,10560.49,non-smoker
40,male,32.3,2,northwest,6986.7,non-smoker
45,male,39.8,0,northeast,7448.4,non-smoker
35,male,34.3,3,southeast,5934.38,non-smoker
53,male,28.9,0,northwest,9869.81,non-smoker
30,male,24.4,3,southwest,18259.22,smoker
18,male,41.1,0,southeast,1146.8,non-smoker
51,male,36.0,1,southeast,9386.16,non-smoker
50,female,27.6,1,southwest,24520.26,smoker
31,female,29.3,1,southeast,4350.51,non-smoker
35,female,27.7,3,southwest,6414.18,non-smoker
60,male,37.0,0,northeast,12741.17,non-smoker
21,male,36.9,0,northwest,1917.32,non-smoker
29,male,22.5,3,northeast,5209.58,non-smoker
62,female,29.9,0,southeast,13457.96,non-smoker
39,female,41.8,0,southeast,5662.23,non-smoker
19,male,27.6,0,southwest,1252.41,non-smoker
22,female,23.2,0,northeast,2731.91,non-smoker
53,male,20.9,0,southeast,21195.82,smoker
39,female,31.9,2,northwest,7209.49,non-smoker
27,male,28.5,0,northwest,18310.74,smoker
30,male,44.2,2,southeast,4266.17,non-smoker
30,female,22.9,1,northeast,4719.52,non-smoker
58,female,33.1,0,southwest,11848.14,non-smoker
33,male,24.8,0,northeast,17904.53,smoker
42,female,26.2,1,southeast,7046.72,non-smoker
64,female,36.0,0,southeast,14313.85,non-smoker
21,male,22.3,1,southwest,2103.08,non-smoker
18,female,42.2,0,southeast,38792.69,smoker
23,male,26.5,0,southeast,1815.88,non-smoker
45,female,35.8,0,northwest,7731.86,non-smoker
40,female,41.4,1,northwest,28476.73,non-smoker
19,female,36.6,0,northwest,2136.88,non-smoker
18,male,30.1,0,southeast,1131.51,non-smoker
25,male,25.8,1,northeast,3309.79,non-smoker
46,female,30.8,3,southwest,9414.92,non-smoker
33,female,42.9,3,northwest,6360.99,non-smoker
54,male,21.0,2,southeast,11013.71,non-smoker
28,male,22.5,2,northeast,4428.89,non-smoker
36,male,34.4,2,southeast,5584.31,non-smoker
20,female,31.5,0,southeast,1877.93,non-smoker
24,female,24.2,0,northwest,2842.76,non-smoker
23,male,37.1,3,southwest,3597.6,non-smoker
47,female,26.1,1,northeast,23401.31,smoker
33,female,35.5,0,northwest,55135.4,smoker
45,male,33.7,1,southwest,7445.92,non-smoker
18,female,31.1,0,southeast,1621.88,non-smoker
44,female,29.8,2,southeast,8219.2,non-smoker
60,male,24.3,0,northwest,12523.6,non-smoker
64,female,31.8,2,northeast,16069.08,non-smoker
56,male,31.8,2,southeast,43813.87,smoker
36,male,28.0,1,northeast,20773.63,smoker
41,male,30.8,3,northeast,39597.41,smoker
39,male,21.9,1,northwest,6117.49,non-smoker
63,male,33.1,0,southwest,13393.76,non-smoker
36,female,25.8,0,northwest,5266.37,non-smoker
28,female,23.8,2,northwest,4719.74,non-smoker
58,male,34.4,0,northwest,11743.93,non-smoker
36,male,33.8,1,northwest,5377.46,non-smoker
42,male,36.0,2,southeast,7160.33,non-smoker
36,male,31.5,0,southwest,4402.23,non-smoker
56,female,28.3,0,northeast,11657.72,non-smoker
35,female,23.5,2,northeast,6402.29,non-smoker
59,female,31.4,0,northwest,12622.18,non-smoker
21,male,31.1,0,southwest,1526.31,non-smoker
59,male,24.7,0,northeast,12323.94,non-smoker
23,female,32.8,2,southeast,36021.01,smoker
57,female,29.8,0,southeast,27533.91,smoker
53,male,30.5,0,northeast,10072.06,non-smoker
60,female,32.5,0,southeast,45008.96,smoker
51,female,34.2,1,southwest,9872.7,non-smoker
23,male,50.4,1,southeast,2438.06,non-smoker
27,female,24.1,0,southwest,2974.13,non-smoker
55,male,32.8,0,northwest,10601.63,non-smoker
37,female,30.8,0,northeast,37270.15,smoker
61,male,32.3,2,northwest,14119.62,non-smoker
46,female,35.5,0,northeast,42111.66,smoker
53,female,23.8,2,northeast,11729.68,non-smoker
49,female,23.8,3,northeast,24106.91,smoker
20,female,29.6,0,southwest,1875.34,non-smoker
48,female,33.1,0,southeast,40974.16,smoker
25,male,24.1,0,northwest,15817.99,smoker
25,female,32.2,1,southeast,18218.16,non-smoker
57,male,28.1,0,southwest,10965.45,non-smoker
37,female,47.6,2,southwest,46113.51,smoker
38,female,28.0,3,southwest,7151.09,non-smoker
55,female,33.5,2,northwest,12269.69,non-smoker
36,female,19.9,0,northeast,5458.05,non-smoker
51,male,25.4,0,southwest,8782.47,non-smoker
40,male,29.9,2,southwest,6600.36,non-smoker
18,male,37.3,0,southeast,1141.45,non-smoker
57,male,43.7,1,southwest,11576.13,non-smoker
61,male,23.7,0,northeast,13129.6,non-smoker
25,female,24.3,3,southwest,4391.65,non-smoker
50,male,36.2,0,southwest,8457.82,non-smoker
26,female,29.5,1,southeast,3392.37,non-smoker
42,male,24.9,0,southeast,5966.89,non-smoker
43,male,30.1,1,southwest,6849.03,non-smoker
44,male,21.9,3,northeast,8891.14,non-smoker
23,female,28.1,0,northwest,2690.11,non-smoker
49,female,27.1,1,southwest,26140.36,non-smoker
33,male,33.4,5,southeast,6653.79,non-smoker
41,male,28.8,1,southwest,6282.24,non-smoker
37,female,29.5,2,southwest,6311.95,non-smoker
22,male,34.8,3,southwest,3443.06,non-smoker
23,male,27.4,1,northwest,2789.06,non-smoker
21,female,22.1,0,northeast,2585.85,non-smoker
51,female,37.1,3,northeast,46255.11,smoker
25,male,26.7,4,northwest,4877.98,non-smoker
32,male,28.9,1,southeast,19719.69,smoker
57,male,29.0,0,northeast,27218.44,smoker
36,female,30.0,0,northwest,5272.18,non-smoker
22,male,39.5,0,southwest,1682.6,non-smoker
57,male,33.6,1,northwest,11945.13,non-smoker
64,female,26.9,0,northwest,29330.98,smoker
36,female,29.0,4,southeast,7243.81,non-smoker
54,male,24.0,0,northeast,10422.92,non-smoker
47,male,38.9,2,southeast,44202.65,smoker
62,male,32.1,0,northeast,13555.0,non-smoker
61,female,44.0,0,southwest,13063.88,non-smoker
43,female,20.0,2,northeast,19798.05,smoker
19,male,25.6,1,northwest,2221.56,non-smoker
18,female,40.3,0,southeast,1634.57,non-smoker
19,female,22.5,0,northwest,2117.34,non-smoker
49,male,22.5,0,northeast,8688.86,non-smoker
60,male,40.9,0,southeast,48673.56,smoker
26,male,27.3,3,northeast,4661.29,non-smoker
49,male,36.9,0,southeast,8125.78,non-smoker
60,female,35.1,0,southwest,12644.59,non-smoker
26,female,29.4,2,northeast,4564.19,non-smoker
27,male,32.6,3,northeast,4846.92,non-smoker
44,female,32.3,1,southeast,7633.72,non-smoker
63,male,39.8,3,southwest,15170.07,non-smoker
32,female,24.6,0,southwest,17496.31,smoker
22,male,28.3,1,northwest,2639.04,non-smoker
18,male,31.7,0,northeast,33732.69,smoker
59,female,26.7,3,northwest,14382.71,non-smoker
44,female,27.5,1,southwest,7626.99,non-smoker
33,male,24.6,2,northwest,5257.51,non-smoker
24,female,34.0,0,southeast,2473.33,non-smoker
43,female,26.9,0,northwest,21774.32,smoker
45,male,22.9,0,northeast,35069.37,smoker
61,female,28.2,0,southwest,13041.92,non-smoker
35,female,34.2,1,southeast,5245.23,non-smoker
62,female,25.0,0,southwest,13451.12,non-smoker
62,female,33.2,0,southwest,13462.52,non-smoker
38,male,31.0,1,southwest,5488.26,non-smoker
34,male,35.8,0,northwest,4320.41,non-smoker
43,male,23.2,0,southwest,6250.44,non-smoker
50,male,32.1,2,northeast,25333.33,non-smoker
19,female,23.4,2,southwest,2913.57,non-smoker
57,female,20.1,1,southwest,12032.33,non-smoker
62,female,39.2,0,southeast,13470.8,non-smoker
41,male,34.2,1,southeast,6289.75,non-smoker
26,male,46.5,1,southeast,2927.06,non-smoker
39,female,32.5,1,southwest,6238.3,non-smoker
46,male,25.8,5,southwest,10096.97,non-smoker
45,female,35.3,0,southwest,7348.14,non-smoker
32,male,37.2,2,southeast,4673.39,non-smoker
59,female,27.5,0,southwest,12233.83,non-smoker
44,male,29.7,2,northeast,32108.66,non-smoker
39,female,24.2,5,northwest,8965.8,non-smoker
18,male,26.2,2,southeast,2304.0,non-smoker
53,male,29.5,0,southeast,9487.64,non-smoker
18,male,23.2,0,southeast,1121.87,non-smoker
50,female,46.1,1,southeast,9549.57,non-smoker
18,female,40.2,0,northeast,2217.47,non-smoker
19,male,22.6,0,northwest,1628.47,non-smoker
62,male,39.9,0,southeast,12982.87,non-smoker
56,female,35.8,1,southwest,11674.13,non-smoker
42,male,35.8,2,southwest,7160.09,non-smoker
37,male,34.2,1,northeast,39047.29,smoker
42,male,31.3,0,northwest,6358.78,non-smoker
25,male,29.7,3,southwest,19933.46,smoker
57,male,18.3,0,northeast,11534.87,non-smoker
51,male,42.9,2,southeast,47462.89,smoker
30,female,28.4,1,northwest,4527.18,non-smoker
44,male,30.2,2,southwest,38998.55,smoker
34,male,27.8,1,northwest,20009.63,smoker
31,male,39.5,1,southeast,3875.73,non-smoker
54,male,30.8,1,southeast,41999.52,smoker
24,male,26.8,1,northwest,12609.89,non-smoker
43,male,35.0,1,northeast,41034.22,smoker
48,male,36.7,1,northwest,28468.92,non-smoker
19,female,39.6,1,northwest,2730.11,non-smoker
29,female,25.9,0,southwest,3353.28,non-smoker
63,female,35.2,1,southeast,14474.68,non-smoker
46,male,24.8,3,northeast,9500.57,non-smoker
52,male,36.8,2,northwest,26467.1,non-smoker
35,male,27.1,1,southeast,4746.34,non-smoker
51,male,24.8,2,northwest,23967.38,smoker
44,male,25.4,1,northwest,7518.03,non-smoker
21,male,25.7,2,northeast,3279.87,non-smoker
39,female,34.3,5,southeast,8596.83,non-smoker
50,female,28.2,3,southeast,10702.64,non-smoker
34,female,23.6,0,northeast,4992.38,non-smoker
22,female,20.2,0,northwest,2527.82,non-smoker
19,female,40.5,0,southwest,1759.34,non-smoker
26,male,35.4,0,southeast,2322.62,non-smoker
29,male,22.9,0,northeast,16138.76,smoker
48,male,40.2,0,southeast,7804.16,non-smoker
26,male,29.2,1,southeast,2902.91,non-smoker
45,female,40.0,3,northeast,9704.67,non-smoker
36,female,29.9,0,southeast,4889.04,non-smoker
54,male,25.5,1,northeast,25517.11,non-smoker
34,male,21.4,0,northeast,4500.34,non-smoker
31,male,25.9,3,southwest,19199.94,smoker
27,female,30.6,1,northeast,16796.41,non-smoker
20,male,30.1,5,northeast,4915.06,non-smoker
44,female,25.8,1,southwest,7624.63,non-smoker
43,male,30.1,3,northwest,8410.05,non-smoker
45,female,27.6,1,northwest,28340.19,non-smoker
34,male,34.7,0,northeast,4518.83,non-smoker
24,female,20.5,0,northeast,14571.89,non-smoker
26,female,19.8,1,southwest,3378.91,non-smoker
38,female,27.8,2,northeast,7144.86,non-smoker
50,female,31.6,2,southwest,10118.42,non-smoker
38,male,28.3,1,southeast,5484.47,non-smoker
27,female,20.0,3,northwest,16420.49,smoker
39,female,23.3,3,northeast,7986.48,non-smoker
39,female,34.1,3,southwest,7418.52,non-smoker
63,female,36.9,0,southeast,13887.97,non-smoker
33,male,36.3,3,northeast,6551.75,non-smoker
36,female,30.4,0,northwest,5267.82,non-smoker
30,male,23.0,2,northwest,17361.77,smoker
24,male,32.7,0,southwest,34472.84,smoker
24,male,25.8,0,southwest,1972.95,non-smoker
48,male,29.6,0,southwest,21232.18,non-smoker
47,male,19.2,1,northeast,8627.54,non-smoker
29,male,31.7,2,northwest,4433.39,non-smoker
28,male,29.3,2,northeast,4438.26,non-smoker
47,male,28.2,3,northwest,24915.22,smoker
25,male,25.0,2,northeast,23241.47,non-smoker
51,male,27.7,1,northeast,9957.72,non-smoker
48,female,22.8,0,southwest,8269.04,non-smoker
43,male,20.1,2,southeast,18767.74,smoker
61,female,33.3,4,southeast,36580.28,non-smoker
48,male,32.3,1,northwest,8765.25,non-smoker
38,female,27.6,0,southwest,5383.54,non-smoker
59,male,25.5,0,northwest,12124.99,non-smoker
19,female,24.6,1,northwest,2709.24,non-smoker
26,female,34.2,2,southwest,3987.93,non-smoker
54,female,35.8,3,northwest,12495.29,non-smoker
21,female,32.7,2,northwest,26018.95,non-smoker
51,male,37.0,0,southwest,8798.59,non-smoker
22,female,31.0,3,southeast,35595.59,smoker
47,male,36.1,1,southeast,42211.14,smoker
18,male,23.3,1,southeast,1711.03,non-smoker
47,female,45.3,1,southeast,8569.86,non-smoker
21,female,34.6,0,southwest,2020.18,non-smoker
19,male,26.0,1,northwest,16450.89,smoker
23,male,18.7,0,northwest,21595.38,non-smoker
54,male,31.6,0,southwest,9850.43,non-smoker
37,female,17.3,2,northeast,6877.98,non-smoker
46,female,23.7,1,northwest,21677.28,smoker
55,female,35.2,0,southeast,44423.8,smoker
30,female,27.9,0,northeast,4137.52,non-smoker
18,male,21.6,0,northeast,13747.87,smoker
61,male,38.4,0,northwest,12950.07,non-smoker
54,female,23.0,3,southwest,12094.48,non-smoker
22,male,37.1,2,southeast,37484.45,smoker
45,female,30.5,1,northwest,39725.52,smoker
22,male,28.9,0,northeast,2250.84,non-smoker
19,male,27.3,2,northwest,22493.66,non-smoker
35,female,28.0,0,northwest,20234.85,smoker
18,male,23.1,0,northeast,1704.7,non-smoker
20,male,30.7,0,northeast,33475.82,smoker
28,female,25.8,0,southwest,3161.45,non-smoker
55,male,35.2,1,northeast,11394.07,non-smoker
43,female,24.7,2,northwest,21880.82,smoker
43,female,25.1,0,northeast,7325.05,non-smoker
22,male,52.6,1,southeast,44501.4,smoker
25,female,22.5,1,northwest,3594.17,non-smoker
49,male,30.9,0,southwest,39727.61,smoker
44,female,37.0,1,northwest,8023.14,non-smoker
64,male,26.4,0,northeast,14394.56,non-smoker
49,male,29.8,1,northeast,9288.03,non-smoker
47,male,29.8,3,southwest,25309.49,smoker
27,female,21.5,0,northwest,3353.47,non-smoker
55,male,27.6,0,northwest,10594.5,non-smoker
48,female,28.9,0,southwest,8277.52,non-smoker
45,female,31.8,0,southeast,17929.3,smoker
24,female,39.5,0,southeast,2480.98,non-smoker
32,male,33.8,1,northwest,4462.72,non-smoker
24,male,32.0,0,southeast,1981.58,non-smoker
57,male,27.9,1,southeast,11554.22,non-smoker
59,male,41.1,1,southeast,48970.25,smoker
36,male,28.6,3,northwest,6548.2,non-smoker
29,female,25.6,4,southwest,5708.87,non-smoker
42,female,25.3,1,southwest,7045.5,non-smoker
48,male,37.3,2,southeast,8978.19,non-smoker
39,male,42.7,0,northeast,5757.41,non-smoker
63,male,21.7,1,northwest,14349.85,non-smoker
54,female,31.9,1,southeast,10928.85,non-smoker
37,male,37.1,1,southeast,39871.7,smoker
63,male,31.4,0,northeast,13974.46,non-smoker
21,male,31.3,0,northwest,1909.53,non-smoker
54,female,28.9,2,northeast,12096.65,non-smoker
60,female,18.3,0,northeast,13204.29,non-smoker
32,female,29.6,1,southeast,4562.84,non-smoker
47,female,32.0,1,southwest,8551.35,non-smoker
21,male,26.0,0,northeast,2102.26,non-smoker
28,male,31.7,0,southeast,34672.15,smoker
63,male,33.7,3,southeast,15161.53,non-smoker
18,male,21.8,2,southeast,11884.05,non-smoker
32,male,27.8,1,northwest,4454.4,non-smoker
38,male,20.0,1,northwest,5855.9,non-smoker
32,male,31.5,1,southwest,4076.5,non-smoker
62,female,30.5,2,northwest,15019.76,non-smoker
39,female,18.3,5,southwest,19023.26,smoker
55,male,29.0,0,northeast,10796.35,non-smoker
57,male,31.5,0,northwest,11353.23,non-smoker
52,male,47.7,1,southeast,9748.91,non-smoker
56,male,22.1,0,southwest,10577.09,non-smoker
47,male,36.2,0,southeast,41676.08,smoker
55,female,29.8,0,northeast,11286.54,non-smoker
23,male,32.7,3,southwest,3591.48,non-smoker
22,female,30.4,0,northwest,33907.55,smoker
50,female,33.7,4,southwest,11299.34,non-smoker
18,female,31.4,4,northeast,4561.19,non-smoker
51,female,35.0,2,northeast,44641.2,smoker
22,male,33.8,0,southeast,1674.63,non-smoker
52,female,30.9,0,northeast,23045.57,non-smoker
25,female,34.0,1,southeast,3227.12,non-smoker
33,female,19.1,2,northeast,16776.3,smoker
53,male,28.6,3,southwest,11253.42,non-smoker
29,male,38.9,1,southeast,3471.41,non-smoker
58,male,36.1,0,southeast,11363.28,non-smoker
37,male,29.8,0,southwest,20420.6,non-smoker
54,female,31.2,0,southeast,10338.93,non-smoker
49,female,29.9,0,northwest,8988.16,non-smoker
50,female,26.2,2,northwest,10493.95,non-smoker
26,male,30.0,1,southwest,2904.09,non-smoker
45,male,20.4,3,southeast,8605.36,non-smoker
54,female,32.3,1,northeast,11512.41,non-smoker
38,male,38.4,3,southeast,41949.24,smoker
48,female,25.9,3,southeast,24180.93,smoker
28,female,26.3,3,northwest,5312.17,non-smoker
23,male,24.5,0,northeast,2396.1,non-smoker
55,male,32.7,1,southeast,10807.49,non-smoker
41,male,29.6,5,northeast,9222.4,non-smoker
25,male,33.3,2,southeast,36124.57,smoker
33,male,35.8,1,southeast,38282.75,smoker
30,female,20.0,3,northwest,5693.43,non-smoker
23,female,31.4,0,southwest,34166.27,smoker
46,male,38.2,2,southeast,8347.16,non-smoker
53,female,36.9,3,northwest,46661.44,smoker
27,female,32.4,1,northeast,18903.49,non-smoker
23,female,42.8,1,northeast,40904.2,smoker
63,female,25.1,0,northwest,14254.61,non-smoker
55,male,29.9,0,southwest,10214.64,non-smoker
35,female,35.9,2,southeast,5836.52,non-smoker
34,male,32.8,1,southwest,14358.36,non-smoker
19,female,18.6,0,southwest,1728.9,non-smoker
39,female,23.9,5,southeast,8582.3,non-smoker
27,male,45.9,2,southwest,3693.43,non-smoker
57,male,40.3,0,northeast,20709.02,non-smoker
52,female,18.3,0,northwest,9991.04,non-smoker
28,male,33.8,0,northwest,19673.34,non-smoker
50,female,28.1,3,northwest,11085.59,non-smoker
44,female,25.0,1,southwest,7623.52,non-smoker
26,female,22.2,0,northwest,3176.29,non-smoker
33,male,30.3,0,southeast,3704.35,non-smoker
19,female,32.5,0,northwest,36898.73,smoker
50,male,37.1,1,southeast,9048.03,non-smoker
41,female,32.6,3,southwest,7954.52,non-smoker
52,female,24.9,0,southeast,27117.99,non-smoker
39,male,32.3,2,southeast,6338.08,non-smoker
50,male,32.3,2,southwest,9630.4,non-smoker
52,male,32.8,3,northwest,11289.11,non-smoker
60,male,32.8,0,southwest,52590.83,smoker
20,female,31.9,0,northwest,2261.57,non-smoker
55,male,21.5,1,southwest,10791.96,non-smoker
42,male,34.1,0,southwest,5979.73,non-smoker
18,female,30.3,0,northeast,2203.74,non-smoker
58,female,36.5,0,northwest,12235.84,non-smoker
43,female,32.6,3,southeast,40941.29,smoker
35,female,35.8,1,northwest,5630.46,non-smoker
48,female,27.9,4,northwest,11015.17,non-smoker
36,female,22.1,3,northeast,7228.22,non-smoker
19,male,44.9,0,southeast,39722.75,smoker
23,female,23.2,2,northwest,14426.07,non-smoker
20,female,30.6,0,northeast,2459.72,non-smoker
32,female,41.1,0,southwest,3989.84,non-smoker
43,female,34.6,1,northwest,7727.25,non-smoker
34,male,42.1,2,southeast,5124.19,non-smoker
30,male,38.8,1,southeast,18963.17,non-smoker
18,female,28.2,0,northeast,2200.83,non-smoker
41,female,28.3,1,northwest,7153.55,non-smoker
35,female,26.1,0,northeast,5227.99,non-smoker
57,male,40.4,0,southeast,10982.5,non-smoker
29,female,24.6,2,southwest,4529.48,non-smoker
32,male,35.2,2,southwest,4670.64,non-smoker
37,female,34.1,1,northwest,6112.35,non-smoker
18,male,27.4,1,northeast,17178.68,smoker
43,female,26.7,2,southwest,22478.6,smoker
56,female,41.9,0,southeast,11093.62,non-smoker
38,male,29.3,2,northwest,6457.84,non-smoker
29,male,32.1,2,northwest,4433.92,non-smoker
22,female,27.1,0,southwest,2154.36,non-smoker
52,female,24.1,1,northwest,23887.66,smoker
40,female,27.4,1,southwest,6496.89,non-smoker
23,female,34.9,0,northeast,2899.49,non-smoker
31,male,29.8,0,southeast,19350.37,smoker
42,female,41.3,1,northeast,7650.77,non-smoker
24,female,29.9,0,northwest,2850.68,non-smoker
25,female,30.3,0,southwest,2632.99,non-smoker
48,female,27.4,1,northeast,9447.38,non-smoker
23,female,28.5,1,southeast,18328.24,smoker
45,male,23.6,2,northeast,8603.82,non-smoker
20,male,35.6,3,northwest,37465.34,smoker
62,female,32.7,0,northwest,13844.8,non-smoker
43,female,25.3,1,northeast,21771.34,smoker
23,female,28.0,0,southwest,13126.68,non-smoker
31,female,32.8,2,northwest,5327.4,non-smoker
41,female,21.8,1,northeast,13725.47,non-smoker
58,female,32.4,1,northeast,13019.16,non-smoker
48,female,36.6,0,northwest,8671.19,non-smoker
31,female,21.8,0,northwest,4134.08,non-smoker
19,female,27.9,3,northwest,18838.7,non-smoker
19,female,30.0,0,northwest,33307.55,smoker
41,male,33.6,0,southeast,5699.84,non-smoker
40,male,29.4,1,northwest,6393.6,non-smoker
31,female,25.8,2,southwest,4934.71,non-smoker
37,male,24.3,2,northwest,6198.75,non-smoker
46,male,40.4,2,northwest,8733.23,non-smoker
22,male,32.1,0,northwest,2055.32,non-smoker
51,male,32.3,1,northeast,9964.06,non-smoker
18,female,27.3,3,southeast,18223.45,smoker
35,male,17.9,1,northwest,5116.5,non-smoker
59,female,34.8,2,southwest,36910.61,non-smoker
36,male,33.4,2,southwest,38415.47,smoker
37,female,25.6,1,northeast,20296.86,smoker
59,male,30.4,1,southwest,12347.17,non-smoker
36,male,30.9,1,northwest,5373.36,non-smoker
39,male,34.1,2,southeast,23563.02,non-smoker
18,male,21.5,0,northeast,1702.46,non-smoker
52,female,33.3,2,southwest,10806.84,non-smoker
27,female,31.3,1,northwest,3956.07,non-smoker
18,male,39.1,0,northeast,12890.06,non-smoker
40,male,25.1,0,southeast,5415.66,non-smoker
29,male,37.3,2,southeast,4058.12,non-smoker
46,female,34.6,1,southwest,41661.6,smoker
38,female,30.2,3,northwest,7537.16,non-smoker
30,female,21.9,1,northeast,4718.2,non-smoker
40,male,25.0,2,southeast,6593.51,non-smoker
50,male,25.3,0,southeast,8442.67,non-smoker
20,female,24.4,0,southeast,26125.67,smoker
41,male,23.9,1,northeast,6858.48,non-smoker
33,female,39.8,1,southeast,4795.66,non-smoker
38,male,16.8,2,northeast,6640.54,non-smoker
42,male,37.2,2,southeast,7162.01,non-smoker
56,male,34.4,0,southeast,10594.23,non-smoker
58,male,30.3,0,northeast,11938.26,non-smoker
52,male,34.5,3,northwest,60021.4,smoker
20,female,21.8,0,southwest,20167.34,smoker
54,female,24.6,3,northwest,12479.71,non-smoker
58,male,23.3,0,southwest,11345.52,non-smoker
45,female,27.8,2,southeast,8515.76,non-smoker
26,male,31.1,0,northwest,2699.57,non-smoker
63,female,21.7,0,northeast,14449.85,non-smoker
58,female,28.2,0,northwest,12224.35,non-smoker
37,male,22.7,3,northeast,6985.51,non-smoker
25,female,42.1,1,southeast,3238.44,non-smoker
52,male,41.8,2,southeast,47269.85,smoker
64,male,37.0,2,southeast,49577.66,smoker
22,female,21.3,3,northwest,4296.27,non-smoker
28,female,33.1,0,southeast,3171.61,non-smoker
18,male,33.3,0,southeast,1135.94,non-smoker
28,male,24.3,5,southwest,5615.37,non-smoker
45,female,25.7,3,southwest,9101.8,non-smoker
33,male,29.4,4,southwest,6059.17,non-smoker
18,female,39.8,0,southeast,1633.96,non-smoker
32,male,33.6,1,northeast,37607.53,smoker
24,male,29.8,0,northeast,18648.42,smoker
19,male,19.8,0,southwest,1241.57,non-smoker
20,male,27.3,0,southwest,16232.85,smoker
40,female,29.3,4,southwest,15828.82,non-smoker
34,female,27.7,0,southeast,4415.16,non-smoker
42,female,37.9,0,southwest,6474.01,non-smoker
51,female,36.4,3,northwest,11436.74,non-smoker
54,female,27.6,1,northwest,11305.93,non-smoker
55,male,37.7,3,northwest,30063.58,non-smoker
52,female,23.2,0,northeast,10197.77,non-smoker
32,female,20.5,0,northeast,4544.23,non-smoker
28,male,37.1,1,southwest,3277.16,non-smoker
41,female,28.1,1,southeast,6770.19,non-smoker
43,female,29.9,1,southwest,7337.75,non-smoker
49,female,33.3,2,northeast,10370.91,non-smoker
64,male,23.8,0,southeast,26926.51,smoker
55,female,30.5,0,southwest,10704.47,non-smoker
24,male,31.1,0,northeast,34254.05,smoker
20,female,33.3,0,southwest,1880.49,non-smoker
45,male,27.5,3,southwest,8615.3,non-smoker
26,male,33.9,1,northwest,3292.53,non-smoker
25,female,34.5,0,northwest,3021.81,non-smoker
43,male,25.5,5,southeast,14478.33,non-smoker
35,male,27.6,1,southeast,4747.05,non-smoker
26,male,27.1,0,southeast,17043.34,smoker
57,male,23.7,0,southwest,10959.33,non-smoker
22,female,30.4,0,northeast,2741.95,non-smoker
32,female,29.7,0,northwest,4357.04,non-smoker
39,male,29.9,1,northeast,22462.04,smoker
25,female,26.8,2,northwest,4189.11,non-smoker
48,female,33.3,0,southeast,8283.68,non-smoker
47,female,27.6,2,northwest,24535.7,smoker
18,female,21.7,0,northeast,14283.46,smoker
18,male,30.0,1,southeast,1720.35,non-smoker
61,male,36.3,1,southwest,47403.88,smoker
47,female,24.3,0,northeast,8534.67,non-smoker
28,female,17.3,0,northeast,3732.63,non-smoker
36,female,25.9,1,southwest,5472.45,non-smoker
20,male,39.4,2,southwest,38344.57,smoker
44,male,34.3,1,southeast,7147.47,non-smoker
38,female,20.0,2,northeast,7133.9,non-smoker
19,male,34.9,0,southwest,34828.65,smoker
21,male,23.2,0,southeast,1515.34,non-smoker
46,male,25.7,3,northwest,9301.89,non-smoker
58,male,25.2,0,northeast,11931.13,non-smoker
20,male,22.0,1,southwest,1964.78,non-smoker
18,male,26.1,0,northeast,1708.93,non-smoker
28,female,26.5,2,southeast,4340.44,non-smoker
33,male,27.5,2,northwest,5261.47,non-smoker
19,female,25.7,1,northwest,2710.83,non-smoker
45,male,30.4,0,southeast,62592.87,smoker
62,male,30.9,3,northwest,46718.16,smoker
25,female,20.8,1,southwest,3208.79,non-smoker
43,male,27.8,0,southwest,37829.72,smoker
42,male,24.6,2,northeast,21259.38,smoker
24,female,27.7,0,southeast,2464.62,non-smoker
29,female,21.9,0,northeast,16115.3,smoker
32,male,28.1,4,northwest,21472.48,smoker
25,female,30.2,0,southwest,33900.65,smoker
41,male,32.2,2,southwest,6875.96,non-smoker
33,female,26.7,0,northwest,4571.41,non-smoker
34,male,42.9,1,southwest,4536.26,non-smoker
19,female,34.7,2,southwest,36397.58,smoker
30,female,23.7,3,northwest,18765.88,smoker
18,male,28.3,1,northeast,11272.33,non-smoker
19,female,20.6,0,southwest,1731.68,non-smoker
18,male,53.1,0,southeast,1163.46,non-smoker
35,male,39.7,4,northeast,19496.72,non-smoker
39,female,26.3,2,northwest,7201.7,non-smoker
31,male,31.1,3,northwest,5425.02,non-smoker
62,male,26.7,0,northeast,28101.33,smoker
62,male,38.8,0,southeast,12981.35,non-smoker
42,female,40.4,2,southeast,43896.38,smoker
31,male,25.9,1,northwest,4239.89,non-smoker
61,male,33.5,0,northeast,13143.34,non-smoker
42,female,32.9,0,northeast,7050.02,non-smoker
51,male,30.0,1,southeast,9377.9,non-smoker
23,female,24.2,2,northeast,22395.74,non-smoker
52,male,38.6,2,southwest,10325.21,non-smoker
57,female,25.7,2,southeast,12629.17,non-smoker
23,female,33.4,0,southwest,10795.94,non-smoker
52,female,44.7,3,southwest,11411.69,non-smoker
50,male,31.0,3,northwest,10600.55,non-smoker
18,female,31.9,0,northeast,2205.98,non-smoker
18,female,36.9,0,southeast,1629.83,non-smoker
21,female,25.8,0,southwest,2007.95,non-smoker
61,female,29.1,0,northwest,29141.36,smoker
